﻿<?xml version="1.0" encoding="utf-8"?><meta xmlns:xsd="http://www.w3.org/2001/XMLSchema" xmlns:xsi="http://www.w3.org/2001/XMLSchema-instance"><project id="611bUUif3fY" courseid="6gco7wMVDB7" thumburl="story_content/thumbnail.jpg" title="ASSIGNMENT " datepublished="2025-11-09T19:40:47" version="1.0.0.0" flashdata="story_content/data.swf" html5data="mobile/data.json" mobiledata="mobile/data.gz" enabledownload="false" duration="About 15 minutes" totalaudio="522985" totalvideo="0"><description>PROJECT</description><keywords /><slidemeta moniker="slide" monikerplural="slides" viewslides="18" slidecountdescription="18 slides" /><author name="ASUS" email="" website="" /><application name="Articulate Storyline" version="3.104.35448.0" xmlversion="4.0" /></project></meta>